Destination,Place,Category,Activities,Cost,Rating,Description
Goa,Baga Beach,Beaches,"Sightseeing,Water Activity",1500,4.5,"Popular beach known for water sports, relaxation and nightlife."
Goa,Calangute Beach,Beaches,"Sightseeing,Water Activity",1200,4.4,"One of the most popular beaches in Goa with water activities."
Goa,Fort Aguada,Historical,"Sightseeing,Culture",800,4.6,"Historic Portuguese fort offering scenic views of the Arabian Sea."
Goa,Basilica of Bom Jesus,Culture,"Sightseeing,Historical",500,4.7,"Historic church and important cultural attraction in Old Goa."
Goa,Dudhsagar Falls,Nature,"Adventure,Sightseeing",1800,4.8,"Famous waterfall surrounded by forests and natural scenery."
Goa,Anjuna Flea Market,Shopping,"Shopping,Culture",1000,4.3,"Popular market offering clothing, handicrafts and local products."
Goa,Panjim City,City,"Sightseeing,Food",1000,4.2,"Explore colorful streets, local food and attractions in Panjim."
Goa,Palolem Beach,Beaches,"Relaxation,Sightseeing",1300,4.7,"Scenic beach suitable for relaxation and peaceful activities."

Manali,Solang Valley,Adventure,"Adventure,Nature",1800,4.7,"Popular destination for adventure activities and mountain views."
Manali,Rohtang Pass,Nature,"Adventure,Sightseeing",2500,4.8,"Mountain destination known for snow and scenic landscapes."
Manali,Hadimba Temple,Culture,"Sightseeing,Historical",500,4.6,"Historic wooden temple surrounded by cedar forests."
Manali,Mall Road,Shopping,"Shopping,Food",800,4.3,"Popular shopping and food area in central Manali."
Manali,Manu Temple,Culture,"Sightseeing,Historical",400,4.4,"Ancient temple located in Old Manali."
Manali,Beas River,Nature,"Relaxation,Sightseeing",300,4.5,"Scenic river location suitable for relaxation and photography."

Jaipur,Amber Fort,Historical,"Sightseeing,Culture",1200,4.8,"Historic fort showcasing Rajput architecture and history."
Jaipur,Hawa Mahal,Historical,"Sightseeing,Culture",700,4.7,"Iconic palace known for its unique architecture."
Jaipur,City Palace,Culture,"Sightseeing,Historical",1000,4.6,"Royal palace complex displaying Jaipur's heritage."
Jaipur,Jantar Mantar,Historical,"Sightseeing,Science",600,4.5,"Historic astronomical observation site."
Jaipur,Johari Bazaar,Shopping,"Shopping,Culture",800,4.4,"Traditional market known for jewelry and handicrafts."
Jaipur,Nahargarh Fort,Nature,"Sightseeing,Adventure",900,4.6,"Fort offering panoramic views of Jaipur city."

Kerala,Munnar Tea Gardens,Nature,"Sightseeing,Relaxation",1000,4.8,"Beautiful tea plantations surrounded by hills."
Kerala,Alleppey Backwaters,Nature,"Relaxation,Sightseeing",2000,4.9,"Famous backwaters offering scenic houseboat experiences."
Kerala,Varkala Beach,Beaches,"Relaxation,Sightseeing",800,4.6,"Cliffside beach known for scenic views and relaxation."
Kerala,Fort Kochi,Culture,"Sightseeing,Historical",700,4.5,"Historic area with colonial architecture and cultural attractions."
Kerala,Periyar Wildlife Sanctuary,Nature,"Adventure,Sightseeing",1500,4.7,"Wildlife sanctuary known for forests, lakes and wildlife."
Kerala,Kovalam Beach,Beaches,"Relaxation,Water Activity",1000,4.5,"Popular beach destination suitable for relaxation and water activities."

Mumbai,Gateway of India,Historical,"Sightseeing,Culture",500,4.7,"Iconic monument and major tourist attraction in Mumbai."
Mumbai,Marine Drive,City,"Sightseeing,Relaxation",300,4.8,"Famous waterfront promenade ideal for evening views."
Mumbai,Elephanta Caves,Historical,"Sightseeing,Culture",1200,4.6,"Historic cave temples located on Elephanta Island."
Mumbai,Colaba Causeway,Shopping,"Shopping,Food",800,4.4,"Popular shopping street with local markets and restaurants."
Mumbai,Juhu Beach,Beaches,"Relaxation,Food",500,4.3,"Popular beach known for local food and evening walks."
Mumbai,Sanjay Gandhi National Park,Nature,"Nature,Adventure",700,4.5,"Large urban national park with forests and wildlife."